firstName,lastName,personalEmail,lrn
Ana,Santos,ana.santos01@example.com,100201000101
Miguel,Garcia,miguel.garcia02@example.com,100201000102
Sofia,Cruz,sofia.cruz03@example.com,100201000103
Gabriel,Bautista,gabriel.bautista04@example.com,100201000104
Nicole,Aquino,nicole.aquino05@example.com,100201000105
Paolo,Rivera,paolo.rivera06@example.com,100201000106
Aira,Villanueva,aira.villanueva07@example.com,100201000107
Lucas,Dizon,lucas.dizon08@example.com,100201000108
Beatrice,Ramos,beatrice.ramos09@example.com,100201000109
Carla,Mendoza,carla.mendoza10@example.com,100201000110
Liam,Navarro,liam.navarro11@example.com,100201000111
Jasmine,Flores,jasmine.flores12@example.com,100201000112
Noah,Castillo,noah.castillo13@example.com,100201000113
Trisha,Mercado,trisha.mercado14@example.com,100201000114
Enzo,Salazar,enzo.salazar15@example.com,100201000115
Mikaela,Torres,mikaela.torres16@example.com,100201000116
Daniel,Lim,daniel.lim17@example.com,100201000117
Andrea,Reyes,andrea.reyes18@example.com,100201000118
Joshua,Valdez,joshua.valdez19@example.com,100201000119
Kyla,Domingo,kyla.domingo20@example.com,100201000120
